return_1y,return_3y,return_5y,return_10y,beta,sharpe,alpha,scheme_code,scheme_name,category
0.01958405545927211,0.19994289171853308,0.19590519795751304,0.16771921407069446,0.9120989367592254,0.9877685229824763,0.10494628430385597,129312,ICICI Prudential Dividend Yield Equity Fund,Equity Scheme - Dividend Yield Fund
-0.0062999164085321135,0.16958090942558046,0.13506234564197794,0.1453206489317771,0.8885954399592411,0.7837166555431245,0.07908506705668826,120749,UTI - Dividend Yield Fund,Equity Scheme - Dividend Yield Fund
-0.011839714609021668,0.14781396859861862,0.14231240336104833,0.15725001558237994,0.8415085453312087,0.6304352389815056,0.05939921391981767,118527,Franklin India Dividend Yield Fund,Equity Scheme - Dividend Yield Fund
0.08539983718454502,0.17426746667644077,0.15391706599695887,,1.0588307927994831,0.6785174708676055,0.08377629694038759,148947,Tata Dividend Yield Fund,Equity Scheme - Dividend Yield Fund
-0.024508743637692842,0.13255398389002315,,,0.9322807530146867,0.5045218480946273,0.04572942286432667,149700,Sundaram Dividend Yield Fund (Formerly Known as Principal Dividend Yield Fund),Equity Scheme - Dividend Yield Fund
-0.0068046321440834445,,,,0.8938847651882935,-0.7138820405960771,0.0005353442064164847,152810,Baroda BNP Paribas Dividend Yield Fund,Equity Scheme - Dividend Yield Fund
0.03127759237365502,,,,1.0505548813539163,0.7714407607913693,0.11960947854195206,152022,LIC MF Dividend Yield Fund,Equity Scheme - Dividend Yield Fund
,,,,,,,154097,Kotak Dividend Yield Fund,Equity Scheme - Dividend Yield Fund
-0.017618771818891932,0.18643666196888442,0.16790956562467518,0.15113237117940037,0.9235576514546285,0.8725557651931383,0.09364696388466764,119723,SBI ELSS Tax Saver Fund,Equity Scheme - ELSS
-0.038472457603172194,0.16025127921474014,0.16549093988611685,0.14238611302740245,0.8949696221780232,0.7368887660929515,0.07015156210558143,119060,HDFC ELSS Tax saver,Equity Scheme - ELSS
0.013572529481343354,0.16006873166614088,0.14283704271907238,0.11873482001611468,1.0134706820510044,0.6471861819725195,0.07017302812224561,118803,Nippon India ELSS Tax Saver Fund,Equity Scheme - ELSS
-0.015955727508693007,0.1309481657947178,0.12117504953313407,0.13662747016165366,0.8942696883397019,0.5179563736902137,0.04401836135420924,120592,ICICI Prudential ELSS Tax Saver Fund,Equity Scheme - ELSS
0.0,0.1343486125366875,0.12218435161626218,0.15634692801319705,0.9632494750677714,0.5129469678357762,0.04675578871778592,118285,Canara Robeco ELSS Tax Saver,Equity Scheme - ELSS
0.006235156110048434,0.12608776952746803,0.13149034426455275,0.15911916940342286,0.901168907279734,0.48138051372093776,0.03948284865536422,118473,BANDHAN ELSS Tax Saver Fund,Equity Scheme - ELSS
-0.054943843790639435,0.14444234338385242,0.13142984485454057,0.13304310202548786,0.9707401674988101,0.5824722106935115,0.05569048881588978,118540,Franklin India ELSS Tax Saver Fund,Equity Scheme - ELSS
-0.011039689064952563,0.13150552647924707,0.13104200469853877,0.15361574820088753,1.0054836051394478,0.47243884275248454,0.04443588350271385,119773,Kotak ELSS Tax Saver Fund,Equity Scheme - ELSS
-0.0816066613380646,0.12311774496877237,0.13910860304596584,,0.7744686561275396,0.5005233112129803,0.03795674380487313,147481,Parag Parikh ELSS Tax Saver Fund,Equity Scheme - ELSS
0.03043151567196234,0.15051180296305233,0.13831351055612462,0.14947438214716535,1.0130762812768186,0.5885691283459993,0.06159591591934918,132756,Tata ELSS Fund,Equity Scheme - ELSS
0.05971201511275104,0.2378012815762076,0.18836174787186888,0.18394499958991606,1.0493392102739794,0.8838524730254183,0.14381699433007278,133386,Motilal Oswal ELSS Tax Saver Fund,Equity Scheme - ELSS
0.020483229420427573,0.1721532670226651,,,1.0999686279287615,0.649036593508478,0.08215342770126768,151078,HSBC ELSS Tax saver Fund,Equity Scheme - ELSS
-0.03634752430622068,0.10923279764850036,0.09970963674488886,0.1265214880237313,0.9202879730340913,0.3504547971026239,0.02393726751453229,120715,UTI ELSS Tax Saver Fund,Equity Scheme - ELSS
-0.05333513367539833,0.1357934025114551,0.10862782433444895,0.14116229110663459,0.9797666152325888,0.49299899450809603,0.049361101996955425,120416,Invesco India ELSS Tax Saver Fund,Equity Scheme - ELSS
-0.034509623719750415,0.11492580189705048,,,0.9427974061858185,0.3896995751195868,0.02887766782760151,149570,Sundaram ELSS Tax Saver Fund,Equity Scheme - ELSS
-0.05146251733912299,0.1078369899765732,0.11750598355085362,,0.9527875272425635,0.3362166220809867,0.022244825348506247,139781,Mahindra Manulife ELSS Tax Saver Fund,Equity Scheme - ELSS
0.0334163935421794,0.1709405396608228,,,0.9933083010995681,0.7093310022574066,0.08040579564071501,150159,Baroda BNP Paribas ELSS Tax Saver Fund,Equity Scheme - ELSS
-0.006224667052692423,0.12597458563053632,0.12462163779422375,0.13412413597487816,0.9779825831971745,0.4464360928891826,0.03949165334614797,119307,Union ELSS Tax Saver Fund (Formerly Union Tax Saver (ELSS) Fund,Equity Scheme - ELSS
-0.004960603747118819,0.1868654396529923,0.12711973939382348,,1.1136253247245418,0.7011495681893911,0.09596423034837874,147541,ITI ELSS Tax Saver Fund,Equity Scheme - ELSS
-0.046916890080428875,,,,0.8459204250164022,0.4296319332109237,0.043604229296975494,151611,NJ ELSS Tax Saver Scheme,Equity Scheme - ELSS
-0.04281891765335477,0.09212252574186297,,,0.9957514674744516,0.2240108536219854,0.006483676902210106,151471,NAVI ELSS TAX SAVER NIFTY50 INDEX FUND,Equity Scheme - ELSS
-0.0717839374555792,0.06769649816304035,,,0.9814452284720386,0.07327294716723284,-0.009796857461927669,150838,Samco ELSS Tax Saver Fund,Equity Scheme - ELSS
-0.04183345387364046,0.09178712525046939,,,0.9908772991231884,0.22209442543173583,0.006201768762110135,151165,360 ONE ELSS Tax Saver Nifty 50 Index Fund,Equity Scheme - ELSS
0.009865789707581563,,,,0.8940480092107947,0.25426695631112095,0.08081789616121568,153201,Bajaj Finserv ELSS Tax Saver Fund,Equity Scheme - ELSS
-0.010904778681974148,0.09782223329183681,0.09439439402557603,,1.0130538470953974,0.24648903737404554,0.015067393036937757,145819,Shriram ELSS Tax Saver Fund,Equity Scheme - ELSS
0.04515354626561563,0.16838154454664767,0.12938460916132932,0.15068603478140763,0.9620164379597307,0.7452932149347938,0.07710488080354488,120564,Aditya Birla Sun Life Flexi Cap Fund,Equity Scheme - Flexi Cap Fund
-0.07127100489252058,0.07788181839003716,0.06094450146750918,0.11997503640571683,0.8517078997993944,0.12095925472528848,-0.004175408508832204,120662,UTI - Flexi Cap Fund.,Equity Scheme - Flexi Cap Fund
0.04493207941483801,0.16404628024748225,,,0.9445776566641951,0.6858858697238788,0.0746047103176208,148990,ICICI Prudential Flexicap fund-,Equity Scheme - Flexi Cap Fund
-0.04312095535304383,0.14840852887421652,0.13916865134390233,0.1400667159670912,0.9647464534923749,0.6113984747438589,0.0592861317215566,118535,Franklin India Flexi Cap Fund,Equity Scheme - Flexi Cap Fund
-0.058517842620555593,0.1817942329781741,0.1203345368812665,0.13210446446660562,0.9960278162695745,0.69355152992299,0.09321703097739695,129046,Motilal Oswal Flexi Cap Fund,Equity Scheme - Flexi Cap Fund
-0.010675951439408915,0.13833829299204536,,,1.0125896039910025,0.5116600464317174,0.05064971650213626,149094,Nippon India Flexi Cap Fund,Equity Scheme - Flexi Cap Fund
-0.005815240000354049,0.1355546920254973,0.11800569823785834,0.11630866511032445,0.9289740801548243,0.5391129150969318,0.048045111721813846,118424,BANDHAN Flexi Cap Fund,Equity Scheme - Flexi Cap Fund
0.03824620573355819,,,,0.895261110902266,0.714701486383904,0.0852624133284837,151895,Bajaj Finserv Flexi Cap Fund,Equity Scheme - Flexi Cap Fund
0.0649441340782122,,,,1.0815837222390419,0.6211680064690442,0.09226456880887965,152135,Helios Flexi Cap Fund,Equity Scheme - Flexi Cap Fund
0.020295621362098837,0.177538885133667,0.1458308166059361,0.13820607996198842,1.0604556141644879,0.7090890903921861,0.08622946822011819,120046,HSBC Flexi Cap Fund,Equity Scheme - Flexi Cap Fund
0.017083928682363192,0.14589363886338447,,,0.9934031494762359,0.5707950430462299,0.057380073062326495,151412,Mirae Asset Flexi Cap Fund,Equity Scheme - Flexi Cap Fund
-0.032549007920246176,0.13216074515602227,0.11215274273438292,,0.8847424263721845,0.5205984184419403,0.04556406382746636,144546,Tata Flexi Cap Fund,Equity Scheme - Flexi Cap Fund
0.016726044510248395,0.16567546214604367,0.14817111283737083,,1.0364490674001627,0.677395191738714,0.0747372413390423,140353,Edelweiss Flexi Cap Fund,Equity Scheme - Flexi Cap Fund
-0.045255474452554734,,,,0.9229931899607524,0.2658566862328542,0.029398965399334523,151917,NJ Flexi Cap Fund,Equity Scheme - Flexi Cap Fund
-0.00907473309608553,0.13025349767845906,0.12135172712707587,0.1377631017380545,0.9726922823066663,0.4752678635669292,0.0433355447773746,119292,Union Flexi Cap Fund,Equity Scheme - Flexi Cap Fund
-0.0260668654594286,0.11753250230454837,,,0.9480226766734992,0.40652089048318163,0.031172598879651375,150571,Sundaram Flexicap Fund,Equity Scheme - Flexi Cap Fund
0.029755004754028036,,,,0.9984498233807336,0.6647487151402672,0.09242562419320985,151796,360 ONE Flexicap Fund,Equity Scheme - Flexi Cap Fund
-0.027358660477222463,0.12927345519381261,,,0.9752999571901082,0.475712727500676,0.042011254068642104,149104,Mahindra Manulife Flexi Cap Fund,Equity Scheme - Flexi Cap Fund
0.061893203883495174,0.20056804757683455,,,1.0677773998319597,0.8081931587329245,0.10710341475105864,151379,ITI Flexi Cap Fund,Equity Scheme - Flexi Cap Fund
0.010062885234447094,0.14896540439125228,,,1.006225094671436,0.5644137026114074,0.06117041212206936,150387,Baroda BNP Paribas Flexi Cap Fund,Equity Scheme - Flexi Cap Fund
0.01728608470181503,,,,1.0124778125574028,0.13142856439498823,0.06303053833800787,152584,TRUSTMF Flexi Cap Fund,Equity Scheme - Flexi Cap Fund
-0.08230088495575238,0.012184273858861783,,,0.9838288592595441,-0.2464697417963499,-0.06763203981259484,149450,Samco Flexi Cap Fund,Equity Scheme - Flexi Cap Fund
-0.014581100392997426,0.09894121487367658,0.0960312377305681,,1.0268407367644758,0.2513595701573431,0.016254110411708156,144905,Shriram Flexi Cap Fund,Equity Scheme - Flexi Cap Fund
-0.028290177616092538,0.12032959860393411,0.09851409843454828,0.09675304162519849,1.0220751449396446,0.3968106471048156,0.040532553420353015,118883,Taurus Flexi Cap Fund,Equity Scheme - Flexi Cap Fund
,,,,1.069172488377095,-0.7974038309215941,0.07930468483327877,153859,JioBlackRock Flexi Cap Fund,Equity Scheme - Flexi Cap Fund
-0.0013162108749482648,0.17587278496215952,0.19362074825426134,0.1524359790701051,0.8244433056254746,0.8931057024248055,0.08463417997984035,118950,HDFC Focused Fund,Equity Scheme - Focused Fund
-0.06328923241982043,0.11351057825567512,0.11769252879460534,0.1393475073466881,0.9345586422563488,0.3793938658307862,0.027711663098703446,118564,Franklin India Focused Equity Fund,Equity Scheme - Focused Fund
-0.04723411000158506,0.08965539684269341,0.05731929625790699,0.12349563487848281,0.916285097962077,0.2048064845759315,0.006611372961910847,120468,Axis Focused Fund,Equity Scheme - Focused Fund
0.0006033801887233015,0.14528006842784347,0.12259113164436486,0.1348266561197189,0.9844619928413301,0.5885230275693116,0.05608657896099245,119564,Aditya Birla Sun Life Focused Fund,Equity Scheme - Focused Fund
-0.07782899949578614,0.077199816175749,0.0782893733341079,,0.9085063689136224,0.11653962672510997,-0.005311213795616998,147206,Mirae Asset Focused Fund,Equity Scheme - Focused Fund
0.003113818043395611,0.13128719590969018,0.13255333218042376,0.1686114123464446,1.031453558395645,0.45758323029761155,0.04455904233020158,131580,360 ONE Focused Fund,Equity Scheme - Focused Fund
-0.04285714285714293,0.21330400257501458,0.16028462714918934,,1.0073379927909554,0.89342730946952,0.11863267219967334,148481,Invesco India Focused Fund,Equity Scheme - Focused Fund
-0.01815902756015897,0.15748997054582214,0.11784353379389656,0.12894766081060416,0.9728701681446483,0.6313333246440682,0.06875440746174336,119096,DSP Focused Fund,Equity Scheme - Focused Fund
0.01927654819657576,0.1836495531002591,0.16744936268343458,,0.9842012231302478,0.8213260014158498,0.09060435832609395,148567,Mahindra Manulife Focused Fund,Equity Scheme - Focused Fund
0.007817493485422045,0.16171283654104762,0.1322785584900723,0.14383799031934763,0.9806160822389169,0.6349076989616653,0.0733499401517646,118421,Bandhan Focused Fund,Equity Scheme - Focused Fund
-0.0018748955074160412,0.13393634344477467,0.1274455288016627,,1.0126678812213439,0.4811932831984028,0.04686860053649544,147757,Tata Focused Fund,Equity Scheme - Focused Fund
0.044112681399981035,0.15880562815178778,0.13932690698189343,,1.0361334100600101,0.6029233804232133,0.07023567331083001,148411,HSBC Focused Fund,Equity Scheme - Focused Fund
0.09743737976815803,0.11431243192986207,0.09477849721427645,0.13069614686990616,0.9619211483621979,0.3317434504080213,0.03350798398633795,122389,Motilal Oswal Focused Fund,Equity Scheme - Focused Fund
-0.0026810127786537352,0.11672464869131471,,,0.9334132914154736,0.39679165213623807,0.031081260463490995,149533,Sundaram Focused Fund (Formerly Known as Principal Focused Multicap Fund),Equity Scheme - Focused Fund
0.00023442536482454202,0.14931180937830013,,,1.0487762258327096,0.5719124446007267,0.0600820500507515,150376,Edelweiss Focused Fund,Equity Scheme - Focused Fund
-0.04303700784522446,0.11523447100447148,,,1.057600012117181,0.34550355023246,0.030882814743884934,150264,Baroda BNP Paribas Focused Fund,Equity Scheme - Focused Fund
0.07481839300859172,0.16519985373758317,0.14115653990149135,,1.008782931097661,0.6923216181516127,0.07422809217792886,147473,Kotak Focused Fund,Equity Scheme - Focused Fund
0.08105694608624159,,,,1.0460644899486766,0.7761967308266517,0.10425360155466494,151777,ITI Focused Fund,Equity Scheme - Focused Fund
0.06788710907704054,0.13146743540097994,0.11772920555888677,,0.9956281504514682,0.46380290621195747,0.045123201585188594,147492,Union Focused Fund,Equity Scheme - Focused Fund
-0.05153393591888755,,,,0.958574325595387,0.14911009945438922,0.017798546326780185,152010,LIC MF Focused Fund,Equity Scheme - Focused Fund
0.01795083729980851,0.16369787663277546,0.15277097542143792,0.16480515039175136,1.0270432321370422,0.6523708265316106,0.07375116588738881,120158,Kotak Large & Midcap Fund,Equity Scheme - Large & Mid Cap Fund
0.0022835155350977576,0.18136435618728242,0.17619931938068945,0.16430984538467208,0.8944225206597566,0.8556222801670191,0.08942294229890908,120596,ICICI Prudential Large & Mid Cap Fund,Equity Scheme - Large & Mid Cap Fund
0.040377147755165765,0.21962714626698676,0.18047873693033223,0.17047570955062263,0.9627616844656287,1.011413554896927,0.12274922372163741,118419,Bandhan Large & Mid Cap Fund,Equity Scheme - Large & Mid Cap Fund
-0.0679313974325666,0.09802862298593151,0.11183991025118556,0.1354011411679834,0.9498002600485892,0.25796547594511066,0.014191071633351149,119202,Tata Large & Mid Cap Fund,Equity Scheme - Large & Mid Cap Fund
0.008901090500768705,0.1791180514047186,0.15329445912231465,0.13575741414160625,1.0174772790361328,0.7504865780860142,0.08732160943842772,118678,Nippon India Vision Large & Mid Cap Fund,Equity Scheme - Large & Mid Cap Fund
0.11438367496365442,0.20200440182955282,0.1659892710947808,,1.072171916093851,0.7704206670515222,0.1104213614868488,146772,HSBC Large & Mid Cap Fund,Equity Scheme - Large & Mid Cap Fund
0.01910002276168532,0.16742018676268655,0.14812140144201158,,1.0264253732243822,0.6698204318270833,0.07723757297167666,140175,Edelweiss Large & Mid Cap Fund,Equity Scheme - Large & Mid Cap Fund
-0.03036500663854047,0.14011996375324665,0.11208356603707892,0.12165371698510019,0.9253162280360884,0.5486393479687237,0.04868542654453345,118510,Franklin India Large & Mid Cap Fund,Equity Scheme - Large & Mid Cap Fund
-0.001911379643975919,0.15084895395547981,0.14420175315639905,,1.0596298904122028,0.5425117891232438,0.06365446788977044,147840,Mahindra Manulife Large & Mid Cap Fund,Equity Scheme - Large & Mid Cap Fund
-0.007279197670656878,,,,0.8919184926852646,0.2279773010593298,0.057335763333029734,152408,Bajaj Finserv Large and Mid Cap Fund,Equity Scheme - Large & Mid Cap Fund
-0.00036839452968873143,0.16210539501709675,0.15406765547604362,,0.9966847035662112,0.6417972577860888,0.07311356935915705,148474,Baroda BNP Paribas Large and Mid Cap fund,Equity Scheme - Large & Mid Cap Fund
0.024471635150166815,0.14637626193644393,0.13622703522263935,,1.0235727383061664,0.5447703285937555,0.05878756095152318,147750,Union Large & Midcap Fund,Equity Scheme - Large & Mid Cap Fund
-0.016640253565768592,,,,0.9526509363927165,0.2100580787643044,0.05991324759553744,152382,PGIM India Large and Midcap Fund,Equity Scheme - Large & Mid Cap Fund
,,,,0.5809110561343488,-1.652529117975417,-0.1076389852123334,153534,Samco Large & Mid Cap Fund,Equity Scheme - Large & Mid Cap Fund
-0.026212538609232783,0.14021933000277076,0.1346360876457875,0.14446253952604327,0.92962797396741,0.5838975669147257,0.051600945218026606,120586,ICICI Prudential Large Cap Fund (erstwhile Bluechip Fund),Equity Scheme - Large Cap Fund
0.005953237091139707,0.11323285959466611,0.1147783833550109,0.12791553128369348,0.9117799421519188,0.3893214942162819,0.027309975620703586,119598,SBI Large Cap Fund,Equity Scheme - Large Cap Fund
-0.03974072340941792,0.11537052227964861,0.11101393131512038,0.12477648656930374,0.9585444072929136,0.3952349191108589,0.028737108600804542,119528,Aditya Birla Sun Life Large Cap Fund,Equity Scheme - Large Cap Fund
-0.05210759864219827,0.09498198090432974,0.08942595677397835,0.12048964489678204,0.9144212932116946,0.2522551066251271,0.010063483682311025,120656,UTI - Large Cap Fund,Equity Scheme - Large Cap Fund
-0.028170592810786155,0.11521835622397592,0.09103386489958809,0.11237133574512392,0.9164230508933958,0.4013672969843408,0.024820554598520284,118531,Franklin India Large Cap Fund,Equity Scheme - Large Cap Fund
-0.03013067552602433,0.09999748799948849,0.10207738232601749,,0.9421527187594884,0.28599450682158273,0.014557975729602199,148507,Sundaram Large Cap Fund ( Formerly Know as Sundaram Blue Chip Fund),Equity Scheme - Large Cap Fund
-0.025169472051473463,,,,0.9764163246351956,0.5591190504051867,0.10136093519214148,152354,Motilal Oswal Large Cap Fund,Equity Scheme - Large Cap Fund
0.0473881220977348,0.16804557347703275,,,1.0320197917343092,0.6437828342793465,0.07894876662746059,150440,quant Large Cap Fund,Equity Scheme - Large Cap Fund
0.003053268547183574,0.1252471499438692,0.11850535981872401,0.12910592129979714,1.0079722961425754,0.4434793677082772,0.03776309771912395,119160,Tata Large Cap Fund,Equity Scheme - Large Cap Fund
-0.013384636144272322,0.13757578506607082,,,0.9553079000268987,0.545638179645439,0.04941054040800727,150187,BARODA BNP PARIBAS LARGE CAP FUND,Equity Scheme - Large Cap Fund
0.0013591808056026,0.14052924432304947,0.12375769023057415,0.1360682862565472,0.9669687684123209,0.5581802417916947,0.05223298285964567,118479,BANDHAN LARGE CAP FUND,Equity Scheme - Large Cap Fund
-0.006387114204579714,0.11942450697913665,0.10547887513309573,0.12706334971461009,1.029149869937942,0.3996300356347132,0.03251130966935303,120030,HSBC Large Cap Fund,Equity Scheme - Large Cap Fund
0.003505960132224706,,,,0.942376911587664,-0.4822632677599873,0.021841105048621145,152783,BAJAJ FINSERV LARGE CAP FUND,Equity Scheme - Large Cap Fund
-0.0495541525012142,0.11387609976024726,0.10433874543645416,,0.9601781885269564,0.383558234467609,0.027364535423795217,146549,Mahindra Manulife Large Cap Fund,Equity Scheme - Large Cap Fund
-0.03278236914600563,0.08909383853274688,0.08343300054438219,0.11409463354671656,0.9496240503846519,0.2039663082826024,0.004376404826447647,138312,PGIM India Large Cap Fund,Equity Scheme - Large Cap Fund
-0.035953466517269383,0.11947576944927807,0.10101332106479721,,1.1022625620171804,0.3782851103170532,0.03280218933095744,148353,ITI Large Cap Fund,Equity Scheme - Large Cap Fund
-0.023886639676113375,0.10170966962154626,0.09593670706273372,,1.0049499352446194,0.28644002105743277,0.01602052510586946,141248,Union Largecap Fund,Equity Scheme - Large Cap Fund
-0.010613523006388959,0.1305616755989345,0.12064478089415887,0.11913432130087309,1.0667617671659824,0.45273666312978755,0.043123942251071246,120490,JM Large Cap Fund,Equity Scheme - Large Cap Fund
,,,,,,,154155,Parag Parikh Large Cap Fund,Equity Scheme - Large Cap Fund
-0.07497467071935138,,,,0.4723530535603588,-1.2872980560409601,-0.1146450877291423,153239,Samco Large Cap Fund,Equity Scheme - Large Cap Fund
-0.0204798836645661,0.12384304046554417,0.09938328501115956,0.10166738963685407,0.9786173148426456,0.43876735526147687,0.043094318221352054,118870,Taurus Large Cap Fund,Equity Scheme - Large Cap Fund
,,,,,,,154307,JioBlackRock Large Cap Fund,Equity Scheme - Large Cap Fund
0.06522221810185469,0.23448947128875375,0.20623900311936505,0.1931484167497799,1.0369965692570895,0.9669244154472323,0.13714227733393106,118668,Nippon India Growth Mid Cap Fund,Equity Scheme - Mid Cap Fund
-0.08692049293628556,0.17855900263390834,0.21585895227258023,0.17355053488865213,0.9920358491940414,0.6523571827291393,0.0918905315275714,127042,Motilal Oswal Midcap Fund,Equity Scheme - Mid Cap Fund
0.0694992809517585,0.19710272977427357,0.16627695001396048,,0.9880341542785362,0.8024451589701445,0.10545325410499327,147445,Mirae Asset Midcap Fund,Equity Scheme - Mid Cap Fund
0.053258794421567224,0.23987587600700166,0.2022267782517464,,1.012188773951334,0.994528594161367,0.1421453997621898,140228,Edelweiss Mid Cap Fund,Equity Scheme - Mid Cap Fund
0.05626718285890964,0.22911192239657252,0.18814579539037624,0.15822087689917463,0.972450122465105,0.9800009999063582,0.13277123941275742,119581,Sundaram Mid Cap Fund,Equity Scheme - Mid Cap Fund
-0.017416476608986042,0.1835259438084278,0.15003952960694256,0.15088602357864134,0.9674157406545655,0.7488058835464595,0.09332385011954576,118533,Franklin India Mid Cap Fund,Equity Scheme - Mid Cap Fund
0.1799332786814838,0.27328570658891893,,,1.0687677924641361,1.064881272363172,0.1714284001495442,151036,HSBC Midcap Fund,Equity Scheme - Mid Cap Fund
-0.004414103196797581,0.14857267353539405,0.13747300643706328,0.14938650843941548,0.9346122239846463,0.5541368404531115,0.06283503101080704,120726,UTI - Mid Cap Fund,Equity Scheme - Mid Cap Fund
0.053406695137162785,0.18938159957969747,0.16883252369567536,0.17349696018946403,0.9594204571119997,0.7763226434063278,0.09864570754797924,119178,Tata Mid Cap Fund,Equity Scheme - Mid Cap Fund
0.09115638570944262,0.23638528506656797,0.1980731690313493,,1.0377772813288193,0.967546079926146,0.1390016175561377,142110,Mahindra Manulife Mid Cap Fund,Equity Scheme - Mid Cap Fund
0.08962237899043601,0.21045736333948506,,,0.9212006984726364,0.9113040167558926,0.11716041420818452,150212,Baroda BNP Paribas Mid Cap Fund,Equity Scheme - Mid Cap Fund
0.06716626586879926,0.2046293904307015,,,0.9864378472941556,0.8168010849766408,0.11300086786468092,150404,BANDHAN MIDCAP FUND,Equity Scheme - Mid Cap Fund
0.06971201588877851,0.1950235159414282,0.17478407777959948,,1.0220864120968187,0.7639023842883395,0.1041448849154375,148073,Union Midcap Fund,Equity Scheme - Mid Cap Fund
0.0635242424901572,0.2372586288709917,0.16813934042454304,,1.0874299443066844,0.9195142583829079,0.14070678120271962,148733,ITI Mid Cap Fund,Equity Scheme - Mid Cap Fund
,,,,0.9304858930826183,-0.3011391886805684,0.07729980270498717,153728,Bank of India Mid Cap Fund,Equity Scheme - Mid Cap Fund
-0.04669109049809028,0.1155358100135584,0.11426706153833499,0.14954711586423275,1.0698027789389761,0.3272603658820106,0.04135111070017093,118872,Taurus Mid Cap Fund,Equity Scheme - Mid Cap Fund
-0.0025266862978247095,0.17994560377408342,0.1964614482163971,0.16290782003645732,0.9563220274436681,0.7698002596264677,0.0889156480058379,118650,Nippon India Multi Cap Fund,Equity Scheme - Multi Cap Fund
0.053363092218727814,0.21331670498107358,,,1.034572107203371,0.8881306599037952,0.11826120719930583,149185,Kotak Multicap Fund,Equity Scheme - Multi Cap Fund
0.05212283104505988,0.19120604954933262,0.16631705300347255,0.15961066641288135,0.9191027207253551,0.8802720784570379,0.09835882962215295,120599,ICICI Prudential Multicap Fund,Equity Scheme - Multi Cap Fund
0.0617593971224053,0.19945610279245907,0.17196433427128044,,1.0636912189368037,0.7913629967606404,0.10678369753911751,141226,Mahindra Manulife Multi Cap Fund,Equity Scheme - Multi Cap Fund
0.05652180814756402,0.2148011451626921,,,1.0478069365143394,0.8887585561809282,0.11949465361443205,151290,HSBC Multi Cap Fund,Equity Scheme - Multi Cap Fund
0.0427630928609557,,,,1.010640918916604,-0.1828613406296642,0.06305556941464158,152739,Franklin India Multi Cap Fund,Equity Scheme - Multi Cap Fund
0.011642325709561918,,,,0.9757777199055195,0.5439168012494919,0.06680415850413686,151810,Mirae Asset Multicap Fund,Equity Scheme - Multi Cap Fund
0.07594156444554034,0.1341707969668322,,,1.0102532802141007,0.4690158038254849,0.04807169749311878,151232,TATA MULTICAP FUND,Equity Scheme - Multi Cap Fund
0.03354853130670299,,,,1.030069630097018,0.7301952701633502,0.09334358146773092,152094,Edelweiss Multi Cap Fund,Equity Scheme - Multi Cap Fund
0.021156619853292424,0.16801671280995767,0.1563625995313207,0.15250189214912813,0.9778422905307699,0.6699740422745744,0.07908555191670255,119354,Baroda BNP Paribas Multi Cap Fund,Equity Scheme - Multi Cap Fund
0.00878216886220895,0.15663741854639124,,,0.927150193489174,0.6548566576268338,0.06791361496444692,149303,BANDHAN MULTI CAP FUND,Equity Scheme - Multi Cap Fund
-0.009369119093466383,0.15198556734582858,,,0.953920035040889,0.6120659534462454,0.06364449395626162,149669,Sundaram Multi Cap Fund (Formerly Known as Principal Multi Cap Growth Fund),Equity Scheme - Multi Cap Fund
0.003674989436861953,,,,0.899684674570719,-0.3118881587424663,0.05518405812303279,153515,UTI Multi Cap Fund,Equity Scheme - Multi Cap Fund
0.07532956685499048,0.17313320198459858,,,0.9892789188122875,0.7076371219869614,0.08294021289782952,150858,Union Multicap Fund,Equity Scheme - Multi Cap Fund
0.0410788749889095,,,,0.9445100025518116,0.46968902397209705,0.07549649037210114,153309,Bajaj Finserv Multi Cap Fund,Equity Scheme - Multi Cap Fund
0.08130530973451333,0.204763087306278,,,1.02143540310881,0.8377843405849704,0.11148071147121387,151443,BANK OF INDIA MULTI CAP FUND,Equity Scheme - Multi Cap Fund
0.05371900826446274,,,,0.9742402000879065,-0.3500321530327661,0.049458788297457604,152815,PGIM India Multi Cap Fund,Equity Scheme - Multi Cap Fund
-0.1083591331269349,,,,0.5895668938547218,-1.493028919926332,-0.11335445837371261,152847,Samco Multi Cap Fund,Equity Scheme - Multi Cap Fund
0.034400553445383064,0.18799783107217993,0.20532184949411492,0.21800128411953001,0.9531193660394184,0.7347745887093732,0.09922992207219739,118778,Nippon India Small Cap Fund,Equity Scheme - Small Cap Fund
-0.017398593523039185,0.14563636992899132,0.16984142293122528,0.1857813201309484,0.8767902037956921,0.5172155714364539,0.0627800002123183,130503,HDFC Small Cap Fund,Equity Scheme - Small Cap Fund
0.011536884012064874,0.13424155434581553,0.1450959611785707,0.1905911612381208,0.78087860417737,0.49203362919691207,0.05185971757572111,125497,SBI SMALL CAP FUND,Equity Scheme - Small Cap Fund
0.03999921338813395,0.2895746246757418,0.2129827046064796,,0.9852216383033486,1.1779435104082037,0.18491631057291427,147946,BANDHAN Small Cap Fund,Equity Scheme - Small Cap Fund
-0.008580325372734343,0.14195469008115658,0.14621515653570327,0.18038815072259418,0.8534207678283501,0.5143456685473796,0.058781588792164496,120164,Kotak Small Cap Fund,Equity Scheme - Small Cap Fund
0.018356468726056896,0.17078182713320333,,,1.003084203401101,0.5983875480307725,0.08606865184503526,151130,HSBC Small Cap Fund,Equity Scheme - Small Cap Fund
-0.012039199241410281,0.17100202914449136,0.1819641595789261,0.15946499049563423,0.9237557531539409,0.6517194452231627,0.08464656210876045,118525,Franklin India Small Cap Fund,Equity Scheme - Small Cap Fund
-0.08898668215925765,0.12506054267708455,0.1597320301962466,,0.8869066978531684,0.3832821159742305,0.04602544243828671,145206,Tata Small Cap Fund,Equity Scheme - Small Cap Fund
0.07021369385085041,0.2382680544067055,0.21041561931280417,,0.9899902787753074,0.9331013493522993,0.14329887649310213,145137,Invesco India Smallcap Fund,Equity Scheme - Small Cap Fund
-0.0016440608302507043,0.14040724810932748,0.16044757767461237,0.17212168165133712,0.8319710678405885,0.528520708760482,0.056395640687657206,120591,ICICI Prudential Smallcap Fund,Equity Scheme - Small Cap Fund
0.09937848673185856,,,,0.9394753072369364,0.7138126539553992,0.15323999835683283,152237,Motilal Oswal Small Cap Fund,Equity Scheme - Small Cap Fund
0.04239692872642298,0.1874030712045065,0.18645890163762635,,0.9110265862196762,0.7412647773446255,0.09918617943255778,146196,Edelweiss Small Cap Fund,Equity Scheme - Small Cap Fund
0.012364056357427655,0.16797916567323568,0.16738619035752467,,0.9280140237217447,0.6240261871125817,0.08251038419647515,148618,UTI Small Cap Fund,Equity Scheme - Small Cap Fund
0.07255549162704789,0.23153179350023523,,,1.028981556640982,0.8825410377290088,0.1377186904725592,150915,Mahindra Manulife Small Cap Fund,Equity Scheme - Small Cap Fund
0.052499552051603615,,,,0.9895855595546271,0.3717253575882287,0.11221112824313335,153196,Mirae Asset Small Cap Fund,Equity Scheme - Small Cap Fund
0.08384694972166318,0.2558098401661171,0.17319465023166436,,1.0772004195134006,0.9585499780262657,0.1582719868740591,147919,ITI Small Cap Fund,Equity Scheme - Small Cap Fund
0.16586213554740303,0.2015163781074374,0.18200109047046698,0.1722715902653218,0.9935591758743176,0.7361776950492531,0.11361825332556046,129649,Union Small Cap Fund,Equity Scheme - Small Cap Fund
,,,,1.0183959047976758,-0.11962738879253278,0.11206909938511811,153612,Bajaj Finserv Small Cap Fund,Equity Scheme - Small Cap Fund
0.08562874251496999,0.1686195773532959,,,0.8278059573750425,0.6649235101457017,0.0833576341183199,149019,PGIM India Small Cap Fund,Equity Scheme - Small Cap Fund
0.2291870714985309,,,,1.0098446869201407,0.4717377824710526,0.1680253670634805,152939,TRUSTMF SMALL CAP FUND,Equity Scheme - Small Cap Fund
0.03151315740052141,,,,0.9293498823089107,0.3990830214289535,0.047490273141592654,152128,Baroda BNP Paribas Small Cap Fund,Equity Scheme - Small Cap Fund
0.07569893318139842,,,,1.147512476799985,0.004467123631230815,0.07076849790757458,152614,JM Small Cap Fund,Equity Scheme - Small Cap Fund
-0.017718304356319603,0.1651489232214911,0.16653785046804281,0.15433723045254144,0.8166038623591722,0.8433094790524353,0.07109924170370958,120323,ICICI Prudential Value Fund (erstwhile Value Discovery Fund),Equity Scheme - Value Fund
-0.013856896055283618,0.13637008752806534,0.14880179751183076,0.16435572923105757,0.915958547693049,0.5399600942398878,0.04911278295531546,118481,Bandhan Value Fund,Equity Scheme - Value Fund
-0.027206363706819725,0.15254419876019787,0.1303328259675176,0.14064723652397615,0.9587788662941433,0.640081848907573,0.06312347617702682,120751,UTI Value Fund,Equity Scheme - Value Fund
-0.010172546789302683,0.18550307203392502,0.16078858325440648,0.16454382197266604,1.0495825615306382,0.7668833496301349,0.0929227271634932,118784,Nippon India Value Fund,Equity Scheme - Value Fund
-0.018007709910767833,0.15502842174096787,0.14939368986211377,0.1548930450218109,1.027919768813388,0.5867052434777384,0.06680359994386265,119231,Tata Value Fund,Equity Scheme - Value Fund
-0.020278070723592112,0.14296293757503742,0.15454019658951634,0.15047209654166194,0.9194820890993388,0.5820268341565227,0.05079840972278944,118494,Templeton India Value Fund,Equity Scheme - Value Fund
0.0506527415143605,0.20323003450222377,,,0.9653238106090063,0.9253982523687769,0.10838939598636366,149166,Axis Value Fund,Equity Scheme - Value Fund
-0.047431104386084444,0.093414974680325,0.10057002894819078,0.1115244522707799,0.9336906907926108,0.23652735116873505,0.00881015789215471,119549,Sundaram Value Fund,Equity Scheme - Value Fund
-0.062342232081389115,0.13228858951707645,0.10783157376506702,0.11492834448270117,0.8734649572943233,0.5352011410158368,0.04536012068579723,103490,Quantum Value Fund,Equity Scheme - Value Fund
-0.013440311071350575,0.11768749375536292,,,0.9930493713416156,0.3773223252713503,0.032687382826485645,151755,Baroda BNP Paribas Value Fund,Equity Scheme - Value Fund
0.0914457894644638,,,,0.9769339286924199,0.7444607377667352,0.12869050752682898,153303,Mahindra Manulife Value Fund,Equity Scheme - Value Fund
0.01806407634628493,0.1605348285893775,0.14481547077599988,,1.0074934305734624,0.6444627766500862,0.07104972833405647,145473,Union Value Fund,Equity Scheme - Value Fund
0.027153053666419735,0.1653038823634123,,,1.1157486767780527,0.5983180445135805,0.07668415928154283,148972,ITI Value Fund,Equity Scheme - Value Fund
0.12160563468559538,,,,1.0605052533511912,0.5635957852634103,0.09172783988286076,152018,LIC MF Value Fund,Equity Scheme - Value Fund
