scheme_code,scheme_name,amc,category,total_aum_cr,reference_plan,reference_plan_name,nav,launch_date,return_1y,return_3y,return_5y,return_10y,beta,sharpe,alpha,consistency,sharpe_pct,alpha_pct,consistency_pct,composite_score,category_rank
129312,ICICI Prudential Dividend Yield Equity Fund,ICICI Prudential Asset Management Company Limited,Equity Scheme - Dividend Yield Fund,6359.38,direct,ICICI Prudential Dividend Yield Equity Fund Direct Plan Growth Option,58.83,2014-04-25,0.0195840554592721,0.199942891718533,0.195905197957513,0.1677192140706944,0.9120989367592254,0.9877685229824764,0.1049462843038559,0.6238532110091743,1.0,1.0,0.6666666666666666,0.8888888888888888,1
120749,UTI - Dividend Yield Fund,UTI Asset Mgmt. Co. Ltd.,Equity Scheme - Dividend Yield Fund,3825.33,direct,UTI-Dividend Yield Fund.-Growth-Direct,186.9916,2005-04-11,-0.0062999164085321,0.1695809094255804,0.1350623456419779,0.1453206489317771,0.8885954399592411,0.7837166555431245,0.0790850670566882,0.365079365079365,0.6666666666666666,0.6666666666666666,0.3333333333333333,0.5555555555555556,2
118527,Franklin India Dividend Yield Fund,Franklin Templeton Asset Management (India) Private Limited,Equity Scheme - Dividend Yield Fund,2354.64,direct,Franklin India Dividend Yield Fund - Direct - Growth,148.8035,2006-03-22,-0.0118397146090216,0.1478139685986186,0.1423124033610483,0.1572500155823799,0.8415085453312087,0.6304352389815056,0.0593992139198176,0.7698412698412699,0.3333333333333333,0.3333333333333333,1.0,0.5555555555555556,2
133386,Motilal Oswal ELSS Tax Saver Fund,Motilal Oswal Asset Management Company Limited,Equity Scheme - ELSS,4186.24,direct,Motilal Oswal ELSS Tax Saver Fund - Direct Plan - Growth Option,62.3791,2014-12-26,0.059712015112751,0.2378012815762076,0.1883617478718688,0.183944999589916,1.0493392102739794,0.8838524730254183,0.1438169943300727,0.6666666666666666,1.0,1.0,0.7692307692307693,0.923076923076923,1
119723,SBI ELSS Tax Saver Fund,SBI Funds Management Limited,Equity Scheme - ELSS,31433.94,direct,SBI ELSS Tax Saver FUND - DIRECT PLAN -GROWTH,462.203,1993-02-24,-0.0176187718188919,0.1864366619688844,0.1679095656246751,0.1511323711794003,0.9235576514546284,0.8725557651931383,0.0936469638846676,0.3809523809523809,0.9230769230769231,0.9230769230769231,0.23076923076923078,0.6923076923076923,2
118803,Nippon India ELSS Tax Saver Fund,Nippon Life India Asset Management Limited,Equity Scheme - ELSS,14749.77,direct,Nippon India ELSS Tax Saver Fund - Direct Plan Growth Plan - Growth Option,141.3883,2005-07-25,0.0135725294813433,0.1600687316661408,0.1428370427190723,0.1187348200161146,1.0134706820510044,0.6471861819725195,0.0701730281222456,0.4206349206349206,0.7692307692307693,0.8461538461538461,0.38461538461538464,0.6666666666666666,3
132756,Tata ELSS Fund,Tata Asset Management Limited,Equity Scheme - ELSS,4551.26,direct,Tata ELSS Fund-Growth-Direct Plan,51.8373,1996-03-31,0.0304315156719623,0.1505118029630523,0.1383135105561246,0.1494743821471653,1.0130762812768186,0.5885691283459993,0.0615959159193491,0.5428571428571428,0.6923076923076923,0.6923076923076923,0.6153846153846154,0.6666666666666666,3
119060,HDFC ELSS Tax saver,HDFC Asset Management Company Limited,Equity Scheme - ELSS,16426.36,direct,HDFC ELSS Tax saver - Growth Option - Direct Plan,1446.198,1996-03-31,-0.0384724576031721,0.1602512792147401,0.1654909398861168,0.1423861130274024,0.8949696221780232,0.7368887660929515,0.0701515621055814,0.3888888888888889,0.8461538461538461,0.7692307692307693,0.3076923076923077,0.641025641025641,5
118540,Franklin India ELSS Tax Saver Fund,Franklin Templeton Asset Management (India) Private Limited,Equity Scheme - ELSS,6348.4,direct,Franklin India ELSS Tax Saver Fund - Direct - Growth,1555.4426,1994-04-10,-0.0549438437906394,0.1444423433838524,0.1314298448545405,0.1330431020254878,0.97074016749881,0.5824722106935115,0.0556904888158897,0.5,0.6153846153846154,0.6153846153846154,0.5384615384615384,0.5897435897435896,6
147481,Parag Parikh ELSS Tax Saver Fund,PPFAS Asset Management Pvt. Ltd.,Equity Scheme - ELSS,5712.28,direct,Parag Parikh ELSS Tax Saver Fund- Direct Growth,31.368,2019-07-04,-0.0816066613380646,0.1231177449687723,0.1391086030459658,,0.7744686561275396,0.5005233112129803,0.0379567438048731,0.7916666666666666,0.38461538461538464,0.15384615384615385,1.0,0.5128205128205128,7
120416,Invesco India ELSS Tax Saver Fund,Invesco Asset Management (India) Private Limited,Equity Scheme - ELSS,2591.29,direct,Invesco India ELSS Tax Saver Fund - Direct Plan - Growth,140.22,2006-11-20,-0.0533351336753983,0.1357934025114551,0.1086278243344489,0.1411622911066345,0.9797666152325888,0.492998994508096,0.0493611019969554,0.6349206349206349,0.3076923076923077,0.5384615384615384,0.6923076923076923,0.5128205128205128,7
119773,Kotak ELSS Tax Saver Fund,Kotak Mahindra Asset Management Company Limited.,Equity Scheme - ELSS,6224.47,direct,Kotak ELSS Tax Saver Fund-Growth - Direct,132.313,2005-09-29,-0.0110396890649525,0.131505526479247,0.1310420046985387,0.1536157482008875,1.0054836051394478,0.4724388427524845,0.0444358835027138,0.753968253968254,0.15384615384615385,0.38461538461538464,0.9230769230769231,0.48717948717948717,9
118285,Canara Robeco ELSS Tax Saver,Canara Robeco Asset Management Company Limited,Equity Scheme - ELSS,8653.81,direct,CANARA ROBECO ELSS TAX SAVER - DIRECT PLAN - GROWTH OPTION,194.83,1993-02-25,0.0,0.1343486125366875,0.1221843516162621,0.156346928013197,0.9632494750677714,0.5129469678357762,0.0467557887177859,0.4444444444444444,0.46153846153846156,0.46153846153846156,0.46153846153846156,0.46153846153846156,10
118473,BANDHAN ELSS Tax Saver Fund,Bandhan AMC Limited,Equity Scheme - ELSS,6976.51,direct,BANDHAN ELSS Tax Saver Fund - Direct Plan - Growth,174.13,2008-12-01,0.0062351561100484,0.126087769527468,0.1314903442645527,0.1591191694034228,0.901168907279734,0.4813805137209377,0.0394828486553642,0.6746031746031746,0.23076923076923078,0.23076923076923078,0.8461538461538461,0.4358974358974359,11
120592,ICICI Prudential ELSS Tax Saver Fund,ICICI Prudential Asset Management Company Limited,Equity Scheme - ELSS,14146.55,direct,ICICI Prudential ELSS Tax Saver Fund - Direct Plan - Growth,1004.66,2012-12-11,-0.015955727508693,0.1309481657947178,0.121175049533134,0.1366274701616536,0.8942696883397019,0.5179563736902137,0.0440183613542092,0.3412698412698413,0.5384615384615384,0.3076923076923077,0.15384615384615385,0.3333333333333333,12
120715,UTI ELSS Tax Saver Fund,UTI Asset Mgmt. Co. Ltd.,Equity Scheme - ELSS,3565.6,direct,UTI ELSS Tax Saver Fund - Direct Plan - Growth Option,220.8598,1999-11-15,-0.0363475243062206,0.1092327976485003,0.0997096367448888,0.1265214880237313,0.9202879730340912,0.3504547971026239,0.0239372675145322,0.2857142857142857,0.07692307692307693,0.07692307692307693,0.07692307692307693,0.07692307692307693,13
120564,Aditya Birla Sun Life Flexi Cap Fund,Aditya Birla Sun Life AMC Limited,Equity Scheme - Flexi Cap Fund,24662.22,direct,Aditya Birla Sun Life Flexi Cap Fund - Growth - Direct Plan,2072.32,1998-08-17,0.0451535462656156,0.1683815445466476,0.1293846091613293,0.1506860347814076,0.9620164379597308,0.7452932149347938,0.0771048808035448,0.8571428571428571,1.0,0.7777777777777778,0.8888888888888888,0.8888888888888888,1
120046,HSBC Flexi Cap Fund,HSBC Asset Management (India) Private Ltd.,Equity Scheme - Flexi Cap Fund,5175.69,direct,HSBC Flexi Cap Fund - Direct Growth,247.0,2004-01-22,0.0202956213620988,0.177538885133667,0.1458308166059361,0.1382060799619884,1.060455614164488,0.7090890903921861,0.0862294682201181,0.6507936507936508,0.8888888888888888,0.8888888888888888,0.6666666666666666,0.8148148148148148,2
129046,Motilal Oswal Flexi Cap Fund,Motilal Oswal Asset Management Company Limited,Equity Scheme - Flexi Cap Fund,13026.83,direct,Motilal Oswal Flexi cap Fund Direct Plan-Growth Option,62.6305,2014-04-07,-0.0585178426205555,0.1817942329781741,0.1203345368812665,0.1321044644666056,0.9960278162695744,0.69355152992299,0.0932170309773969,0.5225225225225225,0.7777777777777778,1.0,0.5555555555555556,0.7777777777777777,3
140353,Edelweiss Flexi Cap Fund,Edelweiss Asset Management Limited,Equity Scheme - Flexi Cap Fund,3120.06,direct,Edelweiss Flexi Cap Fund - Direct Plan - Growth Option,43.949,2015-01-13,0.0167260445102483,0.1656754621460436,0.1481711128373708,,1.0364490674001627,0.677395191738714,0.0747372413390423,1.0,0.6666666666666666,0.6666666666666666,1.0,0.7777777777777777,3
118535,Franklin India Flexi Cap Fund,Franklin Templeton Asset Management (India) Private Limited,Equity Scheme - Flexi Cap Fund,17603.42,direct,Franklin India Flexi Cap Fund - Direct - Growth,1741.1928,1994-09-29,-0.0431209553530438,0.1484085288742165,0.1391686513439023,0.1400667159670912,0.9647464534923748,0.6113984747438589,0.0592861317215566,0.753968253968254,0.5555555555555556,0.5555555555555556,0.7777777777777778,0.6296296296296295,5
118424,BANDHAN Flexi Cap Fund,Bandhan AMC Limited,Equity Scheme - Flexi Cap Fund,7373.0,direct,BANDHAN Flexi Cap Fund-Direct Plan-Growth,224.644,2005-09-05,-0.005815240000354,0.1355546920254973,0.1180056982378583,0.1163086651103244,0.9289740801548244,0.5391129150969318,0.0480451117218138,0.2222222222222222,0.4444444444444444,0.4444444444444444,0.1111111111111111,0.3333333333333333,6
144546,Tata Flexi Cap Fund,Tata Asset Management Limited,Equity Scheme - Flexi Cap Fund,3555.21,direct,Tata Flexi Cap Fund-Direct Plan-Growth,25.9689,2018-08-17,-0.0325490079202461,0.1321607451560222,0.1121527427343829,,0.8847424263721845,0.5205984184419403,0.0455640638274663,0.4310344827586206,0.3333333333333333,0.3333333333333333,0.2222222222222222,0.2962962962962963,7
119292,Union Flexi Cap Fund,Union Asset Management Company Private Limited,Equity Scheme - Flexi Cap Fund,2300.81,direct,Union Flexi Cap Fund - Direct Plan - Growth Option,55.69,2011-05-20,-0.0090747330960855,0.130253497678459,0.1213517271270758,0.1377631017380545,0.9726922823066664,0.4752678635669292,0.0433355447773746,0.5,0.2222222222222222,0.2222222222222222,0.4444444444444444,0.2962962962962963,7
120662,UTI - Flexi Cap Fund.,UTI Asset Mgmt. Co. Ltd.,Equity Scheme - Flexi Cap Fund,23126.49,direct,UTI - Flexi Cap Fund-Growth Option - Direct,320.9393,1992-04-20,-0.0712710048925205,0.0778818183900371,0.0609445014675091,0.1199750364057168,0.8517078997993944,0.1209592547252884,-0.0041754085088322,0.4523809523809524,0.1111111111111111,0.1111111111111111,0.3333333333333333,0.18518518518518517,9
148481,Invesco India Focused Fund,Invesco Asset Management (India) Private Limited,Equity Scheme - Focused Fund,4833.03,direct,Invesco India Focused Fund - Direct Plan - Growth,28.81,2020-09-09,-0.0428571428571429,0.2133040025750145,0.1602846271491893,,1.0073379927909554,0.89342730946952,0.1186326721996733,1.0,1.0,1.0,0.9615384615384616,0.9871794871794871,1
148567,Mahindra Manulife Focused Fund,Mahindra Manulife Investment Management Pvt Ltd,Equity Scheme - Focused Fund,2187.1,direct,Mahindra Manulife Focused Fund - Direct Plan -Growth,29.3729,2020-10-26,0.0192765481965757,0.1836495531002591,0.1674493626834345,,0.9842012231302478,0.8213260014158498,0.0906043583260939,1.0,0.8461538461538461,0.9230769230769231,0.9615384615384616,0.9102564102564102,2
118950,HDFC Focused Fund,HDFC Asset Management Company Limited,Equity Scheme - Focused Fund,26349.88,direct,HDFC Focused Fund - Growth Option - Direct Plan,255.701,2004-08-20,-0.0013162108749482,0.1758727849621595,0.1936207482542613,0.1524359790701051,0.8244433056254746,0.8931057024248055,0.0846341799798403,0.5158730158730159,0.9230769230769231,0.8461538461538461,0.5384615384615384,0.7692307692307692,3
148411,HSBC Focused Fund,HSBC Asset Management (India) Private Ltd.,Equity Scheme - Focused Fund,1651.56,direct,HSBC Focused Fund - Direct Growth,27.5202,2020-07-01,0.044112681399981,0.1588056281517877,0.1393269069818934,,1.03613341006001,0.6029233804232133,0.07023567331083,0.8611111111111112,0.6153846153846154,0.6923076923076923,0.8461538461538461,0.717948717948718,4
118421,Bandhan Focused Fund,Bandhan AMC Limited,Equity Scheme - Focused Fund,1988.47,direct,Bandhan Focused Fund - Direct Plan - Growth,102.49,2006-01-30,0.007817493485422,0.1617128365410476,0.1322785584900723,0.1438379903193476,0.9806160822389168,0.6349076989616653,0.0733499401517646,0.3968253968253968,0.7692307692307693,0.7692307692307693,0.38461538461538464,0.641025641025641,5
119096,DSP Focused Fund,DSP Asset Managers Private Limited,Equity Scheme - Focused Fund,2568.05,direct,DSP Focused Fund - Direct Plan - Growth,59.53,2010-04-23,-0.0181590275601589,0.1574899705458221,0.1178435337938965,0.1289476608106041,0.9728701681446484,0.6313333246440682,0.0687544074617433,0.2936507936507936,0.6923076923076923,0.6153846153846154,0.3076923076923077,0.5384615384615384,6
131580,360 ONE Focused Fund,360 ONE Asset Management Limited,Equity Scheme - Focused Fund,6778.36,direct,360 ONE Focused Fund-Direct Plan-Growth,52.7036,2014-10-08,0.0031138180433956,0.1312871959096901,0.1325533321804237,0.1686114123464446,1.031453558395645,0.4575832302976115,0.0445590423302015,0.8,0.38461538461538464,0.38461538461538464,0.7692307692307693,0.5128205128205128,7
147757,Tata Focused Fund,Tata Asset Management Limited,Equity Scheme - Focused Fund,1782.04,direct,Tata Focused Fund-Direct Plan-Growth,25.0743,2019-11-15,-0.001874895507416,0.1339363434447746,0.1274455288016627,,1.012667881221344,0.4811932831984028,0.0468686005364954,0.6744186046511628,0.46153846153846156,0.46153846153846156,0.6153846153846154,0.5128205128205128,7
118564,Franklin India Focused Equity Fund,Franklin Templeton Asset Management (India) Private Limited,Equity Scheme - Focused Fund,11674.99,direct,Franklin India Focused Equity Fund - Direct - Growth,111.9286,2007-05-31,-0.0632892324198204,0.1135105782556751,0.1176925287946053,0.1393475073466881,0.9345586422563488,0.3793938658307862,0.0277116630987034,0.6904761904761905,0.3076923076923077,0.23076923076923078,0.6923076923076923,0.41025641025641024,9
119564,Aditya Birla Sun Life Focused Fund,Aditya Birla Sun Life AMC Limited,Equity Scheme - Focused Fund,7927.1,direct,Aditya Birla Sun Life Focused Fund - Growth - Direct Plan,158.868,2005-08-30,0.0006033801887233,0.1452800684278434,0.1225911316443648,0.1348266561197189,0.98446199284133,0.5885230275693116,0.0560865789609924,0.1904761904761904,0.5384615384615384,0.5384615384615384,0.07692307692307693,0.3846153846153846,10
120468,Axis Focused Fund,Axis Asset Management Co. Ltd.,Equity Scheme - Focused Fund,11237.87,direct,Axis Focused Fund - Direct Plan - Growth Option,60.11,2012-06-11,-0.047234110001585,0.0896553968426934,0.0573192962579069,0.1234956348784828,0.916285097962077,0.2048064845759315,0.0066113729619108,0.4761904761904761,0.15384615384615385,0.15384615384615385,0.46153846153846156,0.2564102564102564,11
122389,Motilal Oswal Focused Fund,Motilal Oswal Asset Management Company Limited,Equity Scheme - Focused Fund,1439.27,direct,Motilal Oswal Focused Fund - Direct Plan Growth Option,55.0513,2013-04-22,0.097437379768158,0.114312431929862,0.0947784972142764,0.1306961468699061,0.961921148362198,0.3317434504080213,0.0335079839863379,0.2868852459016393,0.23076923076923078,0.3076923076923077,0.23076923076923078,0.2564102564102564,11
147206,Mirae Asset Focused Fund,Mirae Asset Investment Managers (India) Pvt. Ltd,Equity Scheme - Focused Fund,7044.86,direct,Mirae Asset Focused Fund Direct Plan Growth,25.605,2019-04-23,-0.0778289994957861,0.077199816175749,0.0782893733341079,,0.9085063689136224,0.1165396267251099,-0.0053112137956169,0.28,0.07692307692307693,0.07692307692307693,0.15384615384615385,0.10256410256410256,13
118419,Bandhan Large & Mid Cap Fund,Bandhan AMC Limited,Equity Scheme - Large & Mid Cap Fund,14228.26,direct,Bandhan Large & Mid Cap Fund - Direct Plan - Growth,160.216,2005-06-27,0.0403771477551657,0.2196271462669867,0.1804787369303322,0.1704757095506226,0.9627616844656288,1.011413554896927,0.1227492237216374,0.6190476190476191,1.0,1.0,0.7,0.8999999999999999,1
120596,ICICI Prudential Large & Mid Cap Fund,ICICI Prudential Asset Management Company Limited,Equity Scheme - Large & Mid Cap Fund,27818.86,direct,ICICI Prudential Large & Mid Cap Fund - Direct Plan - Growth,1114.86,1998-06-01,0.0022835155350977,0.1813643561872824,0.1761993193806894,0.164309845384672,0.8944225206597566,0.8556222801670191,0.089422942298909,0.5793650793650794,0.9,0.8,0.6,0.7666666666666666,2
140175,Edelweiss Large & Mid Cap Fund,Edelweiss Asset Management Limited,Equity Scheme - Large & Mid Cap Fund,4400.84,direct,Edelweiss Large & Mid Cap Fund - Direct Plan - Growth Option,102.977,2007-04-19,0.0191000227616853,0.1674201867626865,0.1481214014420115,,1.0264253732243822,0.6698204318270833,0.0772375729716766,0.6625,0.6,0.6,0.9,0.7,3
120158,Kotak Large & Midcap Fund,Kotak Mahindra Asset Management Company Limited.,Equity Scheme - Large & Mid Cap Fund,29818.22,direct,Kotak Large & Midcap Fund - Direct- Growth,392.871,2004-09-10,0.0179508372998085,0.1636978766327754,0.1527709754214379,0.1648051503917513,1.0270432321370422,0.6523708265316106,0.0737511658873888,0.8888888888888888,0.5,0.5,1.0,0.6666666666666666,4
146772,HSBC Large & Mid Cap Fund,HSBC Asset Management (India) Private Ltd.,Equity Scheme - Large & Mid Cap Fund,4569.96,direct,HSBC Large & Mid Cap Fund - Direct Growth,31.6573,2019-03-11,0.1143836749636544,0.2020044018295528,0.1659892710947808,,1.072171916093851,0.7704206670515222,0.1104213614868488,0.4117647058823529,0.8,0.9,0.3,0.6666666666666666,4
118678,Nippon India Vision Large & Mid Cap Fund,Nippon Life India Asset Management Limited,Equity Scheme - Large & Mid Cap Fund,6774.9,direct,Nippon India Vision Large & Mid Cap Fund - Direct Plan Growth Plan - Growth Option,1562.653,1995-09-25,0.0089010905007687,0.1791180514047186,0.1532944591223146,0.1357574141416062,1.0174772790361328,0.7504865780860142,0.0873216094384277,0.2936507936507936,0.7,0.7,0.2,0.5333333333333333,6
148474,Baroda BNP Paribas Large and Mid Cap fund,Baroda BNP Paribas Asset Management India Private Limited,Equity Scheme - Large & Mid Cap Fund,1698.13,direct,Baroda BNP Paribas Large and Mid Cap Fund- Direct Plan -Growth Option,28.7629,2020-08-17,-0.0003683945296887,0.1621053950170967,0.1540676554760436,,0.9966847035662112,0.6417972577860888,0.073113569359157,0.6470588235294118,0.4,0.4,0.8,0.5333333333333333,6
147840,Mahindra Manulife Large & Mid Cap Fund,Mahindra Manulife Investment Management Pvt Ltd,Equity Scheme - Large & Mid Cap Fund,2694.84,direct,Mahindra Manulife Large & Mid Cap Fund - Direct Plan -Growth,29.5033,2019-12-06,-0.0019113796439759,0.1508489539554798,0.144201753156399,,1.0596298904122028,0.5425117891232438,0.0636544678897704,0.4761904761904761,0.2,0.3,0.5,0.3333333333333333,8
119202,Tata Large & Mid Cap Fund,Tata Asset Management Limited,Equity Scheme - Large & Mid Cap Fund,8050.31,direct,Tata Large & MId Cap Fund -Direct Plan- Growth Option,559.655,2013-01-01,-0.0679313974325666,0.0980286229859315,0.1118399102511855,0.1354011411679834,0.9498002600485892,0.2579654759451106,0.0141910716333511,0.4603174603174603,0.1,0.1,0.4,0.2,9
118510,Franklin India Large & Mid Cap Fund,Franklin Templeton Asset Management (India) Private Limited,Equity Scheme - Large & Mid Cap Fund,3473.76,direct,Franklin India Large & Mid Cap Fund - Direct - Growth,201.4918,2005-01-17,-0.0303650066385404,0.1401199637532466,0.1120835660370789,0.1216537169851001,0.9253162280360884,0.5486393479687237,0.0486854265445334,0.1349206349206349,0.3,0.2,0.1,0.19999999999999998,10
120586,ICICI Prudential Large Cap Fund (erstwhile Bluechip Fund),ICICI Prudential Asset Management Company Limited,Equity Scheme - Large Cap Fund,76165.98,direct,ICICI Prudential Large Cap Fund (erstwhile Bluechip Fund) - Direct Plan - Growth,116.65,2008-04-08,-0.0262125386092327,0.1402193300027707,0.1346360876457875,0.1444625395260432,0.92962797396741,0.5838975669147257,0.0516009452180266,0.984126984126984,1.0,0.8888888888888888,1.0,0.9629629629629628,1
118479,BANDHAN LARGE CAP FUND,Bandhan AMC Limited,Equity Scheme - Large Cap Fund,1981.73,direct,BANDHAN Large Cap Fund-Direct Plan-Growth,86.935,2006-04-19,0.0013591808056026,0.1405292443230494,0.1237576902305741,0.1360682862565472,0.9669687684123208,0.5581802417916947,0.0522329828596456,0.6507936507936508,0.8888888888888888,1.0,0.5555555555555556,0.8148148148148147,2
119160,Tata Large Cap Fund,Tata Asset Management Limited,Equity Scheme - Large Cap Fund,2728.37,direct,Tata Large Cap Fund -Direct Plan Growth Option,572.7709,2013-01-01,0.0030532685471835,0.1252471499438692,0.118505359818724,0.1291059212997971,1.0079722961425754,0.4434793677082772,0.0377630977191239,0.6984126984126984,0.7777777777777778,0.7777777777777778,0.7222222222222222,0.7592592592592592,3
119528,Aditya Birla Sun Life Large Cap Fund,Aditya Birla Sun Life AMC Limited,Equity Scheme - Large Cap Fund,29868.32,direct,Aditya Birla Sun Life Large Cap Fund - Growth - Direct Plan,554.06,2002-09-23,-0.0397407234094179,0.1153705222796486,0.1110139313151203,0.1247764865693037,0.9585444072929136,0.3952349191108589,0.0287371086008045,0.7222222222222222,0.4444444444444444,0.5555555555555556,0.8888888888888888,0.6296296296296295,4
120030,HSBC Large Cap Fund,HSBC Asset Management (India) Private Ltd.,Equity Scheme - Large Cap Fund,1854.87,direct,HSBC Large Cap Fund - Direct Growth,511.2029,2002-11-14,-0.0063871142045797,0.1194245069791366,0.1054788751330957,0.12706334971461,1.029149869937942,0.3996300356347132,0.032511309669353,0.5,0.5555555555555556,0.6666666666666666,0.4444444444444444,0.5555555555555556,5
119598,SBI Large Cap Fund,SBI Funds Management Limited,Equity Scheme - Large Cap Fund,54142.65,direct,SBI Large Cap FUND-DIRECT PLAN -GROWTH,102.1121,2005-12-23,0.0059532370911397,0.1132328595946661,0.1147783833550109,0.1279155312836934,0.9117799421519188,0.3893214942162819,0.0273099756207035,0.6984126984126984,0.3333333333333333,0.4444444444444444,0.7222222222222222,0.5,6
118531,Franklin India Large Cap Fund,Franklin Templeton Asset Management (India) Private Limited,Equity Scheme - Large Cap Fund,7581.76,direct,Franklin India Large Cap Fund- Direct - Growth,1087.2324,1993-12-01,-0.0281705928107861,0.1152183562239759,0.091033864899588,0.1123713357451239,0.9164230508933958,0.4013672969843408,0.0248205545985202,0.3809523809523809,0.6666666666666666,0.3333333333333333,0.2222222222222222,0.4074074074074074,7
120656,UTI - Large Cap Fund,UTI Asset Mgmt. Co. Ltd.,Equity Scheme - Large Cap Fund,12575.77,direct,UTI Large Cap Fund - Direct Plan - Growth Option,282.8455,2003-02-01,-0.0521075986421982,0.0949819809043297,0.0894259567739783,0.120489644896782,0.9144212932116946,0.2522551066251271,0.010063483682311,0.4761904761904761,0.1111111111111111,0.1111111111111111,0.3333333333333333,0.18518518518518517,8
148507,Sundaram Large Cap Fund ( Formerly Know as Sundaram Blue Chip Fund),Sundaram Asset Management Company Ltd,Equity Scheme - Large Cap Fund,3214.76,direct,Sundaram Large Cap Fund (Formerly Known as Sundaram Blue Chip Fund)Direct Plan - Growth,21.8948,2020-09-17,-0.0301306755260243,0.0999974879994884,0.1020773823260174,,0.9421527187594884,0.2859945068215827,0.0145579757296021,0.2121212121212121,0.2222222222222222,0.2222222222222222,0.1111111111111111,0.18518518518518517,8
140228,Edelweiss Mid Cap Fund,Edelweiss Asset Management Limited,Equity Scheme - Mid Cap Fund,13903.03,direct,Edelweiss Mid Cap Fund - Direct Plan - Growth Option,123.028,2007-11-09,0.0532587944215672,0.2398758760070016,0.2022267782517464,,1.012188773951334,0.994528594161367,0.1421453997621898,1.0,1.0,1.0,1.0,1.0,1
142110,Mahindra Manulife Mid Cap Fund,Mahindra Manulife Investment Management Pvt Ltd,Equity Scheme - Mid Cap Fund,4305.41,direct,Mahindra Manulife Mid Cap Fund - Direct Plan -Growth,40.5537,2018-01-08,0.0911563857094426,0.2363852850665679,0.1980731690313493,,1.0377772813288193,0.967546079926146,0.1390016175561377,0.9384615384615383,0.8181818181818182,0.8181818181818182,0.9090909090909091,0.8484848484848484,2
148733,ITI Mid Cap Fund,ITI Asset Management Limited,Equity Scheme - Mid Cap Fund,1291.17,direct,ITI Mid Cap Fund - Direct Plan - Growth Option,24.4467,2021-02-15,0.0635242424901572,0.2372586288709917,0.168139340424543,,1.0874299443066844,0.919514258382908,0.1407067812027196,0.8214285714285714,0.6363636363636364,0.9090909090909091,0.8181818181818182,0.7878787878787878,3
118668,Nippon India Growth Mid Cap Fund,Nippon Life India Asset Management Limited,Equity Scheme - Mid Cap Fund,42289.18,direct,Nippon India Growth Mid Cap Fund - Direct Plan Growth Plan - Growth Option,4788.4765,1995-09-25,0.0652222181018546,0.2344894712887537,0.206239003119365,0.1931484167497799,1.0369965692570895,0.9669244154472324,0.137142277333931,0.7380952380952381,0.7272727272727273,0.7272727272727273,0.7272727272727273,0.7272727272727273,4
119581,Sundaram Mid Cap Fund,Sundaram Asset Management Company Ltd,Equity Scheme - Mid Cap Fund,12879.95,direct,Sundaram Mid Cap Fund Direct Plan - Growth,1567.386,2002-06-24,0.0562671828589096,0.2291119223965725,0.1881457953903762,0.1582208768991746,0.972450122465105,0.9800009999063582,0.1327712394127574,0.492063492063492,0.9090909090909091,0.6363636363636364,0.5454545454545454,0.6969696969696969,5
147445,Mirae Asset Midcap Fund,Mirae Asset Investment Managers (India) Pvt. Ltd,Equity Scheme - Mid Cap Fund,17697.37,direct,Mirae Asset Midcap Fund- Direct Growth Option,40.903,2019-07-08,0.0694992809517585,0.1971027297742735,0.1662769500139604,,0.9880341542785362,0.8024451589701445,0.1054532541049932,0.375,0.5454545454545454,0.5454545454545454,0.2727272727272727,0.4545454545454545,6
119178,Tata Mid Cap Fund,Tata Asset Management Limited,Equity Scheme - Mid Cap Fund,5376.03,direct,Tata Mid Cap Fund - Direct Plan- Growth Option,507.0472,1994-06-15,0.0534066951371627,0.1893815995796974,0.1688325236956753,0.173496960189464,0.9594204571119996,0.7763226434063278,0.0986457075479792,0.4206349206349206,0.45454545454545453,0.36363636363636365,0.36363636363636365,0.3939393939393939,7
127042,Motilal Oswal Midcap Fund,Motilal Oswal Asset Management Company Limited,Equity Scheme - Mid Cap Fund,34429.67,direct,Motilal Oswal Midcap Fund-Direct Plan-Growth Option,104.5676,2014-02-03,-0.0869204929362855,0.1785590026339083,0.2158589522725802,0.1735505348886521,0.9920358491940414,0.6523571827291393,0.0918905315275714,0.5486725663716814,0.18181818181818182,0.18181818181818182,0.6363636363636364,0.3333333333333333,8
118533,Franklin India Mid Cap Fund,Franklin Templeton Asset Management (India) Private Limited,Equity Scheme - Mid Cap Fund,12162.08,direct,Franklin India Mid Cap Fund - Direct - Growth,3010.7045,1993-12-01,-0.017416476608986,0.1835259438084278,0.1500395296069425,0.1508860235786413,0.9674157406545656,0.7488058835464595,0.0933238501195457,0.4523809523809524,0.2727272727272727,0.2727272727272727,0.45454545454545453,0.33333333333333326,9
148073,Union Midcap Fund,Union Asset Management Company Private Limited,Equity Scheme - Mid Cap Fund,1602.56,direct,Union Midcap Fund - Direct Plan - Growth Option,53.86,2020-03-02,0.0697120158887785,0.1950235159414282,0.1747840777795994,,1.0220864120968187,0.7639023842883395,0.1041448849154375,0.15,0.36363636363636365,0.45454545454545453,0.09090909090909091,0.303030303030303,10
120726,UTI - Mid Cap Fund,UTI Asset Mgmt. Co. Ltd.,Equity Scheme - Mid Cap Fund,11472.62,direct,UTI Mid Cap Fund-Growth Option- Direct,334.0796,2003-01-02,-0.0044141031967975,0.148572673535394,0.1374730064370632,0.1493865084394154,0.9346122239846464,0.5541368404531115,0.062835031010807,0.365079365079365,0.09090909090909091,0.09090909090909091,0.18181818181818182,0.12121212121212122,11
141226,Mahindra Manulife Multi Cap Fund,Mahindra Manulife Investment Management Pvt Ltd,Equity Scheme - Multi Cap Fund,6044.57,direct,Mahindra Manulife Multi Cap Fund - Direct Plan -Growth,43.0003,2017-04-20,0.0617593971224053,0.199456102792459,0.1719643342712804,,1.0636912189368035,0.7913629967606404,0.1067836975391175,0.7297297297297297,0.75,1.0,1.0,0.9166666666666665,1
120599,ICICI Prudential Multicap Fund,ICICI Prudential Asset Management Company Limited,Equity Scheme - Multi Cap Fund,15878.63,direct,ICICI Prudential Multicap Fund - Direct Plan -  Growth,929.54,1994-09-01,0.0521228310450598,0.1912060495493326,0.1663170530034725,0.1596106664128813,0.9191027207253551,0.8802720784570379,0.0983588296221529,0.5476190476190477,1.0,0.75,0.75,0.8333333333333333,2
118650,Nippon India Multi Cap Fund,Nippon Life India Asset Management Limited,Equity Scheme - Multi Cap Fund,49409.39,direct,Nippon India Multi Cap Fund - Direct Plan Growth Plan - Growth Option,324.3079,2005-02-14,-0.0025266862978247,0.1799456037740834,0.1964614482163971,0.1629078200364573,0.956322027443668,0.7698002596264677,0.0889156480058379,0.4841269841269841,0.5,0.5,0.5,0.5,3
119354,Baroda BNP Paribas Multi Cap Fund,Baroda BNP Paribas Asset Management India Private Limited,Equity Scheme - Multi Cap Fund,3056.43,direct,Baroda BNP Paribas MULTI CAP FUND - Direct Plan - Growth Option,321.7833,2003-08-14,0.0211566198532924,0.1680167128099576,0.1563625995313207,0.1525018921491281,0.97784229053077,0.6699740422745744,0.0790855519167025,0.1825396825396825,0.25,0.25,0.25,0.25,4
147946,BANDHAN Small Cap Fund,Bandhan AMC Limited,Equity Scheme - Small Cap Fund,19942.62,direct,BANDHAN SMALL CAP FUND - DIRECT PLAN GROWTH,52.885,2020-02-03,0.0399992133881339,0.2895746246757418,0.2129827046064796,,0.9852216383033486,1.1779435104082037,0.1849163105729142,0.7560975609756098,1.0,1.0,0.7692307692307693,0.923076923076923,1
145137,Invesco India Smallcap Fund,Invesco Asset Management (India) Private Limited,Equity Scheme - Small Cap Fund,9361.71,direct,Invesco India Smallcap Fund - Direct Plan - Growth,49.08,2018-10-10,0.0702136938508504,0.2382680544067055,0.2104156193128041,,0.9899902787753074,0.9331013493522992,0.1432988764931021,0.6785714285714286,0.8461538461538461,0.8461538461538461,0.6923076923076923,0.7948717948717948,2
147919,ITI Small Cap Fund,ITI Asset Management Limited,Equity Scheme - Small Cap Fund,2671.89,direct,ITI Small Cap Fund - Direct Plan - Growth Option,34.1505,2020-01-27,0.0838469497216631,0.2558098401661171,0.1731946502316643,,1.0772004195134006,0.9585499780262656,0.1582719868740591,0.4878048780487805,0.9230769230769231,0.9230769230769231,0.46153846153846156,0.7692307692307693,3
118778,Nippon India Small Cap Fund,Nippon Life India Asset Management Limited,Equity Scheme - Small Cap Fund,66128.79,direct,Nippon India Small Cap Fund - Direct Plan Growth Plan - Growth Option,195.1257,2010-08-26,0.034400553445383,0.1879978310721799,0.2053218494941149,0.21800128411953,0.9531193660394184,0.7347745887093732,0.0992299220721973,0.9682539682539684,0.6153846153846154,0.6923076923076923,1.0,0.7692307692307692,4
146196,Edelweiss Small Cap Fund,Edelweiss Asset Management Limited,Equity Scheme - Small Cap Fund,5358.58,direct,Edelweiss Small Cap Fund - Direct Plan - Growth,49.96,2019-01-18,0.0423969287264229,0.1874030712045065,0.1864589016376263,,0.9110265862196762,0.7412647773446255,0.0991861794325577,0.8679245283018868,0.7692307692307693,0.6153846153846154,0.9230769230769231,0.7692307692307692,4
129649,Union Small Cap Fund,Union Asset Management Company Private Limited,Equity Scheme - Small Cap Fund,1721.24,direct,Union Small Cap Fund - Direct Plan - Growth Option,60.38,2014-05-20,0.165862135547403,0.2015163781074374,0.1820010904704669,0.1722715902653218,0.9935591758743176,0.7361776950492531,0.1136182533255604,0.2660550458715596,0.6923076923076923,0.7692307692307693,0.23076923076923078,0.5641025641025641,6
118525,Franklin India Small Cap Fund,Franklin Templeton Asset Management (India) Private Limited,Equity Scheme - Small Cap Fund,12755.71,direct,Franklin India Small Cap Fund - Direct - Growth,193.8961,2005-11-16,-0.0120391992414102,0.1710020291444913,0.1819641595789261,0.1594649904956342,0.9237557531539408,0.6517194452231627,0.0846465621087604,0.4603174603174603,0.5384615384615384,0.5384615384615384,0.38461538461538464,0.4871794871794871,7
130503,HDFC Small Cap Fund,HDFC Asset Management Company Limited,Equity Scheme - Small Cap Fund,36609.0,direct,HDFC Small Cap Fund - Growth Option - Direct Plan,153.558,2008-02-11,-0.0173985935230391,0.1456363699289913,0.1698414229312252,0.1857813201309484,0.8767902037956921,0.5172155714364539,0.0627800002123183,0.5688073394495413,0.3076923076923077,0.38461538461538464,0.6153846153846154,0.4358974358974359,8
148618,UTI Small Cap Fund,UTI Asset Mgmt. Co. Ltd.,Equity Scheme - Small Cap Fund,4499.49,direct,UTI Small Cap Fund - Direct Plan - Growth Option,28.2239,2020-12-02,0.0123640563574276,0.1679791656732356,0.1673861903575246,,0.9280140237217448,0.6240261871125817,0.0825103841964751,0.0,0.46153846153846156,0.46153846153846156,0.07692307692307693,0.33333333333333337,9
145206,Tata Small Cap Fund,Tata Asset Management Limited,Equity Scheme - Small Cap Fund,10589.33,direct,Tata Small Cap Fund-Direct Plan-Growth,40.927,2018-10-19,-0.0889866821592576,0.1250605426770845,0.1597320301962466,,0.8869066978531684,0.3832821159742305,0.0460254424382867,0.8035714285714286,0.07692307692307693,0.07692307692307693,0.8461538461538461,0.3333333333333333,10
125497,SBI SMALL CAP FUND,SBI Funds Management Limited,Equity Scheme - Small Cap Fund,34486.32,direct,SBI Small Cap Fund - Direct Plan - Growth,196.5577,2009-07-27,0.0115368840120648,0.1342415543458155,0.1450959611785707,0.1905911612381208,0.78087860417737,0.492033629196912,0.0518597175757211,0.5603448275862069,0.15384615384615385,0.15384615384615385,0.5384615384615384,0.28205128205128205,11
120164,Kotak Small Cap Fund,Kotak Mahindra Asset Management Company Limited.,Equity Scheme - Small Cap Fund,16458.75,direct,Kotak-Small Cap Fund - Growth - Direct,303.423,2004-12-30,-0.0085803253727343,0.1419546900811565,0.1462151565357032,0.1803881507225941,0.8534207678283501,0.5143456685473796,0.0587815887921644,0.373015873015873,0.23076923076923078,0.3076923076923077,0.3076923076923077,0.28205128205128205,11
120591,ICICI Prudential Smallcap Fund,ICICI Prudential Asset Management Company Limited,Equity Scheme - Small Cap Fund,8128.0,direct,ICICI Prudential Smallcap Fund - Direct Plan - Growth,97.16,2007-08-23,-0.0016440608302507,0.1404072481093274,0.1604475776746123,0.1721216816513371,0.8319710678405885,0.528520708760482,0.0563956406876572,0.238095238095238,0.38461538461538464,0.23076923076923078,0.15384615384615385,0.2564102564102564,13
118784,Nippon India Value Fund,Nippon Life India Asset Management Limited,Equity Scheme - Value Fund,8869.96,direct,Nippon India Value Fund - Direct Plan Growth Plan,242.267,2005-05-10,-0.0101725467893026,0.185503072033925,0.1607885832544064,0.164543821972666,1.0495825615306382,0.7668833496301349,0.0929227271634932,0.7857142857142857,0.875,1.0,1.0,0.9583333333333333,1
120323,ICICI Prudential Value Fund (erstwhile Value Discovery Fund),ICICI Prudential Asset Management Company Limited,Equity Scheme - Value Fund,59945.12,direct,ICICI Prudential Value Fund (erstwhile Value Discovery Fund) - Direct Plan - Growth,502.83,2004-07-09,-0.0177183043563196,0.1651489232214911,0.1665378504680428,0.1543372304525414,0.8166038623591722,0.8433094790524353,0.0710992417037095,0.7380952380952381,1.0,0.875,0.875,0.9166666666666666,2
119231,Tata Value Fund,Tata Asset Management Limited,Equity Scheme - Value Fund,8686.19,direct,Tata Value Fund -Direct Plan Growth Option,383.631,2004-05-17,-0.0180077099107678,0.1550284217409678,0.1493936898621137,0.1548930450218109,1.027919768813388,0.5867052434777384,0.0668035999438626,0.7063492063492064,0.625,0.75,0.75,0.7083333333333333,3
120751,UTI Value Fund,UTI Asset Mgmt. Co. Ltd.,Equity Scheme - Value Fund,9685.71,direct,UTI Value Fund - Direct Plan - Growth Option,176.982,2005-07-16,-0.0272063637068197,0.1525441987601978,0.1303328259675176,0.1406472365239761,0.9587788662941432,0.640081848907573,0.0631234761770268,0.2936507936507936,0.75,0.625,0.375,0.5833333333333333,4
118494,Templeton India Value Fund,Franklin Templeton Asset Management (India) Private Limited,Equity Scheme - Value Fund,2047.12,direct,Templeton India Value Fund - Direct - Growth,777.0108,1996-09-10,-0.0202780707235921,0.1429629375750374,0.1545401965895163,0.1504720965416619,0.9194820890993388,0.5820268341565227,0.0507984097227894,0.4603174603174603,0.5,0.5,0.5,0.5,5
118481,Bandhan Value Fund,Bandhan AMC Limited,Equity Scheme - Value Fund,9995.11,direct,Bandhan Value Fund - Direct Plan - Growth,164.394,2008-01-09,-0.0138568960552836,0.1363700875280653,0.1488017975118307,0.1643557292310575,0.915958547693049,0.5399600942398878,0.0491127829553154,0.6904761904761905,0.375,0.375,0.625,0.4583333333333333,6
103490,Quantum Value Fund,Quantum Asset Management Company Private Limited,Equity Scheme - Value Fund,1149.36,direct,Quantum Value Fund - Direct Plan Growth Option,122.58,2006-02-08,-0.0623422320813891,0.1322885895170764,0.107831573765067,0.1149283444827011,0.8734649572943233,0.5352011410158368,0.0453601206857972,0.0338164251207729,0.25,0.25,0.125,0.20833333333333331,7
119549,Sundaram Value Fund,Sundaram Asset Management Company Ltd,Equity Scheme - Value Fund,1375.88,direct,Sundaram Value Fund Direct Plan - Growth,219.5818,1999-11-22,-0.0474311043860844,0.093414974680325,0.1005700289481907,0.1115244522707799,0.9336906907926108,0.236527351168735,0.0088101578921547,0.119047619047619,0.125,0.125,0.25,0.16666666666666666,8
